epoch,time,train/box_loss,train/seg_loss,train/cls_loss,train/dfl_loss,train/sem_loss,metrics/precision(B),metrics/recall(B),metrics/mAP50(B),metrics/mAP50-95(B),metrics/precision(M),metrics/recall(M),metrics/mAP50(M),metrics/mAP50-95(M),val/box_loss,val/seg_loss,val/cls_loss,val/dfl_loss,val/sem_loss,lr/pg0,lr/pg1,lr/pg2
1,8.06699,0.85261,2.35413,3.36143,1.20734,0,0.0159,0.48618,0.06159,0.02097,0.02337,0.5187,0.05214,0.01782,0.55394,1.6185,3.66213,1.06412,0,0.00020006,0.00020006,0.00020006
2,14.2137,0.70961,1.66503,2.91834,1.09649,0,0.15189,0.63713,0.32922,0.2646,0.15394,0.64119,0.32648,0.27378,0.61,1.08864,3.40457,1.01138,0,0.000406205,0.000406205,0.000406205
3,20.1426,0.65743,1.29034,2.61455,1.00687,0,0.1097,0.83117,0.39133,0.30832,0.11342,0.84634,0.39455,0.3294,0.61208,0.92636,3.30693,1.00099,0,0.000603861,0.000603861,0.000603861
4,26.2692,0.70881,1.25752,2.45556,1.01266,0,0.06918,0.83035,0.50477,0.35019,0.06753,0.8122,0.49105,0.26023,0.67415,1.96502,3.40272,1.02382,0,0.000793029,0.000793029,0.000793029
5,32.3747,0.71831,1.70197,2.42577,0.99078,0,0.06918,0.83035,0.50477,0.35019,0.06753,0.8122,0.49105,0.26023,0.67415,1.96502,3.40272,1.02382,0,0.000973709,0.000973709,0.000973709
6,38.6837,0.77307,1.59883,2.1513,1.00876,0,0.97796,0.28862,0.74298,0.46841,0.97796,0.28862,0.58595,0.36426,0.85427,2.03557,2.50633,1.10302,0,0.0011459,0.0011459,0.0011459
7,44.9278,0.78416,1.49884,2.09164,1.04037,0,0.97796,0.28862,0.74298,0.46841,0.97796,0.28862,0.58595,0.36426,0.85427,2.03557,2.50633,1.10302,0,0.00125923,0.00125923,0.00125923
8,51.4295,0.76783,1.57918,2.15252,1.03188,0,0.83385,0.39118,0.64548,0.40914,0.83211,0.38635,0.63246,0.43736,0.80044,1.39805,2.3297,1.16209,0,0.00123094,0.00123094,0.00123094
9,58.1769,0.76457,1.29292,2.14413,1.10784,0,0.83385,0.39118,0.64548,0.40914,0.83211,0.38635,0.63246,0.43736,0.80044,1.39805,2.3297,1.16209,0,0.00120265,0.00120265,0.00120265
10,64.7061,0.81535,1.54579,1.95382,1.06818,0,0.87472,0.42131,0.64,0.44381,0.85159,0.39692,0.60061,0.25401,0.7481,3.10243,2.42459,1.11445,0,0.00117435,0.00117435,0.00117435
11,71.2827,0.86907,1.8583,2.10872,1.09221,0,0.87472,0.42131,0.64,0.44381,0.85159,0.39692,0.60061,0.25401,0.7481,3.10243,2.42459,1.11445,0,0.00114606,0.00114606,0.00114606
12,77.929,0.81028,1.50838,1.94483,1.09561,0,0.65074,0.65334,0.76267,0.52821,0.64422,0.64508,0.76527,0.56912,0.70702,1.05827,1.75902,1.07312,0,0.00111776,0.00111776,0.00111776
13,84.5907,0.80393,1.23141,1.93507,1.07069,0,0.65074,0.65334,0.76267,0.52821,0.64422,0.64508,0.76527,0.56912,0.70702,1.05827,1.75902,1.07312,0,0.00108947,0.00108947,0.00108947
14,91.3132,0.82428,1.13152,2.32635,1.04692,0,0.65051,0.67778,0.82317,0.5769,0.59219,0.67778,0.74349,0.52933,0.72785,1.25362,1.69036,1.09415,0,0.00106118,0.00106118,0.00106118
15,98.1113,0.7664,1.19085,1.80638,1.09596,0,0.65051,0.67778,0.82317,0.5769,0.59219,0.67778,0.74349,0.52933,0.72785,1.25362,1.69036,1.09415,0,0.00103288,0.00103288,0.00103288
16,104.828,0.73124,1.15457,1.60886,1.01488,0,0.5471,0.89758,0.8606,0.59903,0.55418,0.91954,0.87234,0.649,0.74241,0.8225,1.58986,1.06625,0,0.00100459,0.00100459,0.00100459
17,111.712,0.75802,0.93197,1.57857,1.03141,0,0.5471,0.89758,0.8606,0.59903,0.55418,0.91954,0.87234,0.649,0.74241,0.8225,1.58986,1.06625,0,0.000976293,0.000976293,0.000976293
18,118.985,0.80161,1.04894,1.64786,1.09924,0,0.5471,0.89758,0.8606,0.59903,0.55418,0.91954,0.87234,0.649,0.74241,0.8225,1.58986,1.06625,0,0.000947999,0.000947999,0.000947999
19,125.818,0.6598,1.09012,1.59866,1.0183,0,0.86314,0.85169,0.91722,0.72158,0.87284,0.8628,0.927,0.72794,0.56851,0.8231,1.37011,0.98236,0,0.000919704,0.000919704,0.000919704
20,132.511,0.6685,1.01232,1.42225,1.00903,0,0.86314,0.85169,0.91722,0.72158,0.87284,0.8628,0.927,0.72794,0.56851,0.8231,1.37011,0.98236,0,0.00089141,0.00089141,0.00089141
21,139.555,0.68834,0.79223,1.43466,1.01062,0,0.88352,0.86884,0.92512,0.76664,0.88352,0.86884,0.92512,0.7817,0.57203,0.67623,1.39327,0.9687,0,0.000863116,0.000863116,0.000863116
22,146.378,0.65151,0.73733,1.43927,1.02536,0,0.88352,0.86884,0.92512,0.76664,0.88352,0.86884,0.92512,0.7817,0.57203,0.67623,1.39327,0.9687,0,0.000834822,0.000834822,0.000834822
23,153.433,0.64887,0.82085,1.37415,0.98667,0,0.93136,0.88585,0.93456,0.76285,0.93136,0.88585,0.93601,0.8098,0.5233,0.59725,1.23361,0.96465,0,0.000806528,0.000806528,0.000806528
24,160.173,0.65207,0.84826,1.39547,0.97578,0,0.93136,0.88585,0.93456,0.76285,0.93136,0.88585,0.93601,0.8098,0.5233,0.59725,1.23361,0.96465,0,0.000778233,0.000778233,0.000778233
25,167.712,0.61753,0.81306,1.20827,0.9906,0,0.89004,0.92214,0.94965,0.76877,0.89925,0.93258,0.95097,0.81851,0.5503,0.6016,1.2442,1.00274,0,0.000749939,0.000749939,0.000749939
26,174.666,0.59695,0.8091,1.30546,0.97963,0,0.89004,0.92214,0.94965,0.76877,0.89925,0.93258,0.95097,0.81851,0.5503,0.6016,1.2442,1.00274,0,0.000721645,0.000721645,0.000721645
27,181.709,0.61354,0.7893,1.29577,1.0063,0,0.90923,0.972,0.95648,0.80883,0.90194,0.96004,0.95211,0.83873,0.49126,0.5891,1.21251,0.95021,0,0.000693351,0.000693351,0.000693351
28,189.11,0.57353,0.72468,1.16219,0.95278,0,0.90923,0.972,0.95648,0.80883,0.90194,0.96004,0.95211,0.83873,0.49126,0.5891,1.21251,0.95021,0,0.000665057,0.000665057,0.000665057
29,197.346,0.51849,0.68955,1.16922,0.95036,0,0.96101,0.93893,0.98635,0.87228,0.96101,0.93893,0.98635,0.87478,0.43171,0.55017,1.05084,0.92113,0,0.000636762,0.000636762,0.000636762
30,205.7,0.50451,0.69232,1.01072,0.93298,0,0.96101,0.93893,0.98635,0.87228,0.96101,0.93893,0.98635,0.87478,0.43171,0.55017,1.05084,0.92113,0,0.000608468,0.000608468,0.000608468
31,214.443,0.56548,0.70452,1.33891,0.97216,0,0.93847,0.97643,0.99191,0.8746,0.93847,0.97643,0.99191,0.87097,0.42538,0.51329,1.00426,0.92941,0,0.000580174,0.000580174,0.000580174
32,222.948,0.50689,0.7146,1.00665,0.93319,0,0.93847,0.97643,0.99191,0.8746,0.93847,0.97643,0.99191,0.87097,0.42538,0.51329,1.00426,0.92941,0,0.00055188,0.00055188,0.00055188
33,230.884,0.51306,0.66639,1.10505,0.96057,0,0.98241,0.96667,0.99264,0.88279,0.98241,0.96667,0.99264,0.8778,0.41091,0.50517,0.96458,0.90249,0,0.000523586,0.000523586,0.000523586
34,239.208,0.50703,0.66278,1.06894,0.92554,0,0.98241,0.96667,0.99264,0.88279,0.98241,0.96667,0.99264,0.8778,0.41091,0.50517,0.96458,0.90249,0,0.000495291,0.000495291,0.000495291
35,246.951,0.49411,0.66742,1.01652,0.91811,0,0.98241,0.96667,0.99264,0.88279,0.98241,0.96667,0.99264,0.8778,0.41091,0.50517,0.96458,0.90249,0,0.000466997,0.000466997,0.000466997
36,255.311,0.47546,0.62103,1.15016,0.95606,0,0.94165,0.98889,0.98407,0.88222,0.94165,0.98889,0.98461,0.88784,0.37455,0.52012,0.95615,0.8845,0,0.000438703,0.000438703,0.000438703
37,263.544,0.48734,0.71107,1.04884,0.91691,0,0.94165,0.98889,0.98407,0.88222,0.94165,0.98889,0.98461,0.88784,0.37455,0.52012,0.95615,0.8845,0,0.000410409,0.000410409,0.000410409
38,272.988,0.50137,0.70583,1.0014,0.92271,0,0.96328,1,0.99352,0.90371,0.96328,1,0.99352,0.89024,0.35206,0.51746,0.95101,0.87305,0,0.000382115,0.000382115,0.000382115
39,283.543,0.42576,0.6126,0.88748,0.88885,0,0.96328,1,0.99352,0.90371,0.96328,1,0.99352,0.89024,0.35206,0.51746,0.95101,0.87305,0,0.00035382,0.00035382,0.00035382
40,291.647,0.46278,0.6238,1.02744,0.94767,0,0.96904,0.98889,0.99323,0.91452,0.96904,0.98889,0.99323,0.89434,0.33363,0.499,0.91071,0.86165,0,0.000325526,0.000325526,0.000325526
